{
  "accuracy": [
    0.011805555783212185,
    0.0243055559694767,
    0.03402777761220932,
    0.04652777686715126,
    0.0416666679084301,
    0.05694444477558136,
    0.06041666492819786,
    0.08888889104127884,
    0.0902777761220932,
    0.09236110746860504,
    0.11597222089767456,
    0.12222222238779068,
    0.12083332985639572,
    0.14097222685813904,
    0.15208333730697632,
    0.18194444477558136,
    0.2083333283662796,
    0.23888888955116272,
    0.25208333134651184,
    0.26249998807907104,
    0.3013888895511627
  ],
  "val_accuracy": [
    0.029673591256141663,
    0.026706231757998466,
    0.035608310252428055,
    0.05637982115149498,
    0.044510386884212494,
    0.07121662050485611,
    0.0830860510468483,
    0.06528189778327942,
    0.07418397814035416,
    0.09198813140392303,
    0.08902077376842499,
    0.10089020431041718,
    0.09198813140392303,
    0.10682492703199387,
    0.13056379556655884,
    0.10089020431041718,
    0.11275964230298996,
    0.1275964379310608,
    0.12462908029556274,
    0.13946586847305298,
    0.13946586847305298
  ],
  "loss": [
    4.606977939605713,
    4.515458583831787,
    4.311796188354492,
    4.096164703369141,
    3.9187002182006836,
    3.779676914215088,
    3.672511100769043,
    3.53991961479187,
    3.4353153705596924,
    3.327249050140381,
    3.2513794898986816,
    3.127302408218384,
    3.106442928314209,
    3.035433530807495,
    2.959684133529663,
    2.849992275238037,
    2.694664239883423,
    2.5736279487609863,
    2.482369899749756,
    2.432415008544922,
    2.3256382942199707
  ],
  "val_loss": [
    4.567961692810059,
    4.423140048980713,
    4.20796012878418,
    4.095054626464844,
    3.940661907196045,
    3.872446298599243,
    3.785492420196533,
    3.8059864044189453,
    3.7741568088531494,
    3.7245607376098633,
    3.6445724964141846,
    3.6885838508605957,
    3.7172508239746094,
    3.7648396492004395,
    3.6667394638061523,
    3.6504318714141846,
    3.6598618030548096,
    3.6588823795318604,
    3.686598300933838,
    3.776766061782837,
    3.8313941955566406
  ]
}